{"stats":{"minecraft:picked_up":{"minecraft:wooden_axe":1,"minecraft:birch_log":1,"minecraft:clay_ball":768,"minecraft:string":2,"minecraft:dirt":1,"minecraft:moss_carpet":2,"minecraft:wooden_sword":1,"culturaldelights:glow_squid":1,"minecraft:bone":3,"minecraft:wheat_seeds":4,"minecraft:stone_pickaxe":1,"minecraft:iron_ingot":1,"twigs:twig":4,"minecraft:moss_block":5,"minecraft:birch_sapling":1,"minecraft:oak_planks":5,"minecraft:furnace":1,"minecraft:egg":2,"minecraft:stick":2,"minecraft:raw_iron":9,"minecraft:big_dripleaf":5,"minecraft:gravel":1,"minecraft:diorite":129,"minecraft:lily_of_the_valley":1,"minecraft:mossy_cobblestone":1,"minecraft:rotten_flesh":6,"minecraft:arrow":1,"minecraft:granite":193,"minecraft:oak_sapling":1,"minecraft:cobblestone":19},"minecraft:custom":{"minecraft:interact_with_furnace":7,"minecraft:mob_kills":8,"minecraft:interact_with_crafting_table":4,"minecraft:leave_game":1,"minecraft:time_since_death":9604,"minecraft:climb_one_cm":574,"minecraft:time_since_rest":9634,"minecraft:sprint_one_cm":86294,"minecraft:damage_taken":2079,"minecraft:walk_one_cm":137131,"minecraft:drop":12,"minecraft:damage_dealt":2236,"minecraft:swim_one_cm":4252,"minecraft:fly_one_cm":27204,"minecraft:crouch_one_cm":47,"minecraft:play_time":41202,"minecraft:deaths":5,"minecraft:sneak_time":24,"minecraft:walk_under_water_one_cm":10622,"minecraft:jump":411,"minecraft:walk_on_water_one_cm":3927,"minecraft:total_world_time":41202,"minecraft:fall_one_cm":10513},"minecraft:mined":{"minecraft:lily_of_the_valley":1,"minecraft:clay":193,"minecraft:granite":194,"minecraft:tall_grass":1,"minecraft:moss_block":1,"minecraft:oak_planks":2,"minecraft:diorite":126,"minecraft:large_fern":5,"minecraft:furnace":1,"minecraft:iron_ore":6,"minecraft:grass":6,"minecraft:deepslate_iron_ore":2,"minecraft:gravel":1,"minecraft:stone":11,"minecraft:fern":2},"minecraft:killed":{"rottencreatures:undead_miner":1,"savage_and_ravage:skeleton_villager":1,"minecraft:zombie_villager":1,"minecraft:spider":2,"minecraft:zombie":2},"minecraft:killed_by":{"savage_and_ravage:skeleton_villager":1,"minecraft:creeper":1,"minecraft:zombie":1,"rottencreatures:undead_miner":1},"minecraft:used":{"minecraft:iron_shovel":184,"minecraft:stone_pickaxe":269,"minecraft:crafting_table":1,"minecraft:bread":9,"minecraft:iron_pickaxe":74,"minecraft:wooden_sword":91,"minecraft:furnace":1,"culturaldelights:glow_squid":1,"minecraft:egg":2},"minecraft:broken":{"minecraft:stone_pickaxe":3,"minecraft:wooden_sword":2},"minecraft:dropped":{"minecraft:gravel":1,"minecraft:moss_carpet":2,"minecraft:wheat_seeds":4,"minecraft:mossy_cobblestone":1,"minecraft:rotten_flesh":6,"minecraft:big_dripleaf":3,"minecraft:dirt":1,"minecraft:oak_sapling":1,"minecraft:string":1},"minecraft:crafted":{"minecraft:crafting_table":1,"minecraft:furnace":1,"minecraft:birch_planks":4,"minecraft:terracotta":1,"minecraft:stick":8,"minecraft:iron_ingot":6,"minecraft:iron_pickaxe":1,"minecraft:stone_pickaxe":2,"minecraft:iron_shovel":1,"minecraft:clay":1}},"DataVersion":3120}