{"stats":{"minecraft:killed":{"savage_and_ravage:skeleton_villager":1,"minecraft:spider":2,"minecraft:skeleton":2,"rottencreatures:undead_miner":1,"minecraft:pig":6,"minecraft:zombie_villager":2,"minecraft:zombie":8},"minecraft:used":{"minecraft:iron_shovel":362,"minecraft:spruce_slab":64,"minecraft:spruce_planks":5,"minecraft:chest":2,"minecraft:torch":2,"minecraft:dirt":25,"minecraft:spruce_stairs":49,"minecraft:wooden_axe":70,"buzzier_bees:honey_bread":12,"minecraft:bamboo":22,"woodworks:sawmill":1,"minecraft:scaffolding":107,"minecraft:furnace":6,"culturaldelights:glow_squid":1,"minecraft:egg":2,"minecraft:water_bucket":1,"minecraft:stone_pickaxe":269,"minecraft:wooden_pickaxe":9,"minecraft:stonecutter":1,"minecraft:crafting_table":1,"waystones:waystone":1,"minecraft:bread":12,"minecraft:iron_pickaxe":116,"minecraft:wooden_sword":91,"minecraft:cooked_porkchop":3,"minecraft:bucket":1,"byg:palm_planks":1},"minecraft:crafted":{"minecraft:furnace":3,"minecraft:stone":6,"minecraft:scaffolding":102,"minecraft:terracotta":1,"minecraft:spruce_slab":84,"byg:palm_slab":6,"minecraft:stone_pickaxe":2,"minecraft:wheat":9,"minecraft:cooked_porkchop":8,"woodworks:sawmill":1,"minecraft:crafting_table":1,"minecraft:spruce_planks":48,"minecraft:bucket":1,"minecraft:birch_planks":4,"minecraft:bread":3,"minecraft:air":0,"byg:palm_planks":8,"minecraft:stick":32,"minecraft:iron_ingot":9,"minecraft:iron_pickaxe":1,"minecraft:iron_shovel":2,"minecraft:stonecutter":1,"minecraft:clay":1},"minecraft:custom":{"minecraft:mob_kills":23,"minecraft:interact_with_crafting_table":27,"minecraft:leave_game":5,"minecraft:time_since_death":0,"minecraft:climb_one_cm":8904,"minecraft:sprint_one_cm":258851,"minecraft:walk_one_cm":515958,"minecraft:drop":26,"minecraft:play_time":134017,"minecraft:deaths":10,"minecraft:sneak_time":4644,"minecraft:walk_under_water_one_cm":62264,"minecraft:jump":981,"minecraft:walk_on_water_one_cm":15946,"minecraft:total_world_time":134017,"minecraft:interact_with_furnace":40,"minecraft:interact_with_stonecutter":5,"minecraft:time_since_rest":23358,"minecraft:waystone_activated":2,"minecraft:damage_taken":4098,"minecraft:damage_dealt":4796,"twilightforest:life_charms_activated":2,"minecraft:swim_one_cm":49442,"minecraft:fly_one_cm":66125,"minecraft:open_chest":48,"minecraft:crouch_one_cm":9386,"minecraft:fall_one_cm":20731},"minecraft:mined":{"minecraft:spruce_planks":1,"minecraft:granite":194,"minecraft:grass_block":175,"twigs:twig":1,"minecraft:spruce_leaves":1,"minecraft:moss_block":1,"minecraft:large_fern":5,"minecraft:hay_block":1,"minecraft:furnace":3,"minecraft:iron_ore":6,"minecraft:peony":1,"minecraft:red_tulip":1,"minecraft:deepslate_iron_ore":2,"minecraft:bamboo":28,"minecraft:stone":18,"minecraft:spruce_slab":11,"immersive_weathering:oak_leaf_pile":1,"minecraft:scaffolding":5,"byg:palm_planks":1,"minecraft:lily_of_the_valley":2,"upgrade_aquatic:tall_beachgrass":13,"minecraft:clay":193,"minecraft:chest":2,"minecraft:tall_grass":19,"minecraft:oak_planks":2,"minecraft:diorite":126,"minecraft:spruce_stairs":13,"minecraft:grass":86,"minecraft:oak_log":6,"minecraft:gravel":1,"minecraft:dirt":4,"upgrade_aquatic:beachgrass":17,"minecraft:fern":10},"minecraft:dropped":{"byg:biomepedia":1,"minecraft:wheat_seeds":4,"minecraft:mossy_cobblestone":1,"minecraft:cooked_porkchop":3,"minecraft:granite":2,"minecraft:dirt":1,"minecraft:iron_pickaxe":1,"minecraft:string":2,"minecraft:bucket":1,"minecraft:gravel":1,"minecraft:moss_carpet":2,"alexsmobs:animal_dictionary":1,"minecraft:rotten_flesh":6,"minecraft:lily_of_the_valley":3,"minecraft:big_dripleaf":3,"minecraft:beetroot_seeds":4,"minecraft:oak_sapling":1},"minecraft:picked_up":{"minecraft:wooden_axe":2,"minecraft:clay_ball":768,"minecraft:wooden_pickaxe":1,"minecraft:string":6,"minecraft:moss_carpet":2,"minecraft:wooden_sword":1,"minecraft:spruce_planks":1,"minecraft:wooden_shovel":1,"minecraft:spruce_slab":11,"minecraft:iron_pickaxe":1,"minecraft:chest":2,"minecraft:birch_sapling":1,"minecraft:egg":2,"minecraft:furnace":3,"minecraft:stick":2,"minecraft:raw_iron":9,"minecraft:big_dripleaf":5,"minecraft:spruce_stairs":13,"twigs:bamboo_leaves":67,"minecraft:porkchop":9,"minecraft:diorite":129,"buzzier_bees:honey_bread":3,"minecraft:arrow":3,"minecraft:rotten_flesh":15,"minecraft:beetroot_seeds":4,"minecraft:hay_block":1,"minecraft:cobblestone":43,"minecraft:birch_log":1,"minecraft:oak_log":6,"minecraft:dirt":176,"culturaldelights:glow_squid":1,"minecraft:bone":3,"minecraft:wheat_seeds":6,"minecraft:stone_pickaxe":1,"minecraft:iron_ingot":1,"minecraft:bamboo":139,"minecraft:moss_block":5,"twigs:twig":4,"minecraft:oak_planks":5,"twilightforest:charm_of_life_1":1,"minecraft:scaffolding":5,"patchouli:guide_book":1,"minecraft:gravel":1,"minecraft:lily_of_the_valley":4,"byg:palm_planks":1,"minecraft:mossy_cobblestone":1,"waystones:waystone":1,"minecraft:granite":195,"minecraft:oak_sapling":2,"minecraft:coal":12},"minecraft:killed_by":{"savage_and_ravage:skeleton_villager":1,"minecraft:creeper":1,"minecraft:skeleton":3,"minecraft:zombie":3,"rottencreatures:undead_miner":1},"minecraft:broken":{"minecraft:iron_shovel":1,"minecraft:wooden_pickaxe":1,"minecraft:stone_pickaxe":3,"minecraft:wooden_sword":2,"minecraft:leather_boots":1,"minecraft:wooden_axe":2}},"DataVersion":3120}