{"stats":{"minecraft:crafted":{"minecraft:brick":266,"minecraft:furnace":5,"minecraft:stone":96,"minecraft:scaffolding":138,"minecraft:terracotta":1,"minecraft:iron_axe":1,"minecraft:spruce_slab":84,"byg:palm_slab":6,"minecraft:stone_pickaxe":2,"minecraft:bricks":64,"minecraft:wheat":9,"minecraft:cooked_porkchop":27,"woodworks:sawmill":1,"minecraft:crafting_table":2,"minecraft:spruce_planks":48,"minecraft:iron_sword":1,"windswept:chestnut_planks":4,"minecraft:bucket":1,"minecraft:birch_planks":4,"minecraft:air":0,"minecraft:bread":3,"quark:diorite_pillar":33,"byg:palm_planks":8,"minecraft:stick":49,"minecraft:iron_ingot":22,"minecraft:iron_pickaxe":3,"minecraft:iron_shovel":2,"minecraft:stonecutter":1,"minecraft:shears":1,"minecraft:clay":1},"minecraft:dropped":{"byg:biomepedia":1,"twigs:bamboo_leaves":112,"minecraft:moss_block":1,"minecraft:wheat_seeds":6,"minecraft:mossy_cobblestone":1,"minecraft:cooked_porkchop":3,"minecraft:granite":2,"minecraft:dirt":1,"minecraft:diorite":16,"minecraft:torch":1,"minecraft:iron_pickaxe":1,"minecraft:string":2,"ftbquests:book":1,"minecraft:bucket":1,"minecraft:gravel":1,"minecraft:moss_carpet":2,"alexsmobs:animal_dictionary":1,"minecraft:light_gray_terracotta":2,"minecraft:rotten_flesh":15,"minecraft:red_terracotta":1,"minecraft:lily_of_the_valley":3,"minecraft:big_dripleaf":3,"supplementaries:ash":6,"minecraft:beetroot_seeds":4,"minecraft:oak_sapling":1,"minecraft:red_sand":3},"minecraft:picked_up":{"minecraft:wooden_axe":2,"minecraft:clay_ball":768,"minecraft:wooden_pickaxe":1,"minecraft:string":12,"minecraft:moss_carpet":2,"minecraft:wooden_sword":1,"minecraft:red_sand":4,"quark:diorite_pillar":51,"minecraft:spruce_planks":1,"minecraft:beef":2,"minecraft:wooden_shovel":1,"minecraft:spruce_slab":11,"minecraft:iron_pickaxe":2,"minecraft:chest":2,"minecraft:birch_sapling":1,"minecraft:furnace":5,"minecraft:egg":2,"biomemakeover:raw_crab":1,"minecraft:stick":2,"minecraft:raw_iron":9,"minecraft:big_dripleaf":5,"minecraft:torch":1,"minecraft:spruce_stairs":13,"twigs:bamboo_leaves":126,"minecraft:porkchop":28,"minecraft:diorite":145,"buzzier_bees:honey_bread":3,"minecraft:arrow":12,"minecraft:rotten_flesh":20,"minecraft:beetroot_seeds":4,"minecraft:hay_block":1,"supplementaries:ash":6,"minecraft:cobblestone":44,"minecraft:birch_log":1,"minecraft:polished_diorite_slab":54,"minecraft:leather":2,"minecraft:oak_log":6,"minecraft:dirt":176,"culturaldelights:glow_squid":1,"minecraft:bone":10,"minecraft:wheat_seeds":8,"ftbquests:book":1,"minecraft:stone_pickaxe":1,"minecraft:iron_ingot":1,"minecraft:bamboo":255,"minecraft:moss_block":5,"twigs:twig":4,"minecraft:oak_planks":5,"twilightforest:charm_of_life_1":1,"minecraft:scaffolding":229,"patchouli:guide_book":1,"minecraft:gravel":1,"minecraft:lily_of_the_valley":4,"minecraft:red_terracotta":5,"byg:palm_planks":1,"minecraft:mossy_cobblestone":1,"minecraft:light_gray_terracotta":3,"waystones:waystone":1,"minecraft:granite":195,"minecraft:terracotta":317,"minecraft:oak_sapling":2,"minecraft:coal":12},"minecraft:broken":{"minecraft:iron_shovel":1,"minecraft:wooden_pickaxe":1,"minecraft:stone_pickaxe":3,"minecraft:wooden_sword":2,"minecraft:leather_boots":1,"minecraft:iron_pickaxe":3,"minecraft:wooden_axe":2},"minecraft:mined":{"minecraft:spruce_planks":1,"minecraft:granite":194,"minecraft:red_sand":1,"minecraft:grass_block":175,"twigs:twig":1,"minecraft:spruce_leaves":1,"minecraft:moss_block":1,"minecraft:large_fern":5,"minecraft:hay_block":1,"quark:diorite_pillar":51,"minecraft:furnace":5,"minecraft:iron_ore":6,"minecraft:peony":1,"minecraft:red_tulip":1,"minecraft:deepslate_iron_ore":2,"minecraft:bamboo":58,"minecraft:stone":19,"minecraft:spruce_slab":11,"immersive_weathering:oak_leaf_pile":1,"minecraft:scaffolding":23,"byg:palm_planks":1,"minecraft:lily_of_the_valley":2,"minecraft:orange_terracotta":4,"upgrade_aquatic:tall_beachgrass":13,"minecraft:clay":193,"minecraft:light_gray_terracotta":1,"minecraft:chest":2,"minecraft:polished_diorite_slab":52,"minecraft:tall_grass":21,"minecraft:oak_planks":2,"minecraft:diorite":126,"minecraft:spruce_stairs":13,"minecraft:red_terracotta":4,"minecraft:grass":102,"minecraft:oak_log":6,"minecraft:gravel":1,"minecraft:dirt":4,"upgrade_aquatic:beachgrass":17,"minecraft:terracotta":320,"minecraft:fern":11},"minecraft:killed_by":{"savage_and_ravage:skeleton_villager":1,"minecraft:creeper":1,"minecraft:skeleton":5,"minecraft:zombie":3,"rottencreatures:undead_miner":1},"minecraft:custom":{"minecraft:mob_kills":50,"minecraft:interact_with_crafting_table":41,"minecraft:leave_game":7,"minecraft:time_since_death":44230,"minecraft:climb_one_cm":20633,"minecraft:sprint_one_cm":360817,"minecraft:walk_one_cm":758184,"minecraft:damage_blocked_by_shield":110,"minecraft:drop":50,"minecraft:play_time":190491,"minecraft:deaths":12,"minecraft:sneak_time":5954,"minecraft:walk_under_water_one_cm":99943,"minecraft:jump":1360,"minecraft:walk_on_water_one_cm":23704,"minecraft:total_world_time":190491,"minecraft:interact_with_furnace":120,"minecraft:interact_with_stonecutter":15,"minecraft:time_since_rest":44253,"minecraft:waystone_activated":2,"minecraft:damage_taken":5754,"minecraft:damage_dealt":9092,"twilightforest:life_charms_activated":2,"minecraft:swim_one_cm":98735,"minecraft:fly_one_cm":83090,"minecraft:open_chest":101,"minecraft:crouch_one_cm":9676,"minecraft:fall_one_cm":38272},"minecraft:used":{"minecraft:iron_shovel":362,"minecraft:spruce_slab":64,"minecraft:chest":2,"minecraft:spruce_planks":5,"minecraft:shield":3,"minecraft:iron_sword":106,"minecraft:torch":3,"minecraft:dirt":25,"minecraft:spruce_stairs":49,"minecraft:wooden_axe":70,"minecraft:iron_axe":30,"quark:diorite_pillar":122,"buzzier_bees:honey_bread":12,"minecraft:bamboo":35,"woodworks:sawmill":1,"minecraft:scaffolding":230,"minecraft:furnace":10,"culturaldelights:glow_squid":1,"minecraft:egg":2,"stoneworks:chiseled_diorite":16,"minecraft:water_bucket":1,"minecraft:brick_wall":64,"minecraft:stone_pickaxe":269,"minecraft:polished_diorite_slab":118,"minecraft:wooden_pickaxe":9,"minecraft:stonecutter":1,"minecraft:crafting_table":2,"waystones:waystone":1,"minecraft:bread":12,"minecraft:iron_pickaxe":551,"minecraft:wooden_sword":91,"minecraft:cooked_porkchop":13,"minecraft:bucket":1,"byg:palm_planks":3},"minecraft:killed":{"savage_and_ravage:skeleton_villager":1,"minecraft:spider":6,"minecraft:skeleton":7,"minecraft:drowned":1,"rottencreatures:undead_miner":1,"minecraft:pig":14,"minecraft:zombie_villager":2,"minecraft:zombie":15,"minecraft:cow":1}},"DataVersion":3120}