{"stats":{"minecraft:picked_up":{"minecraft:birch_log":1,"minecraft:oak_sapling":1,"twigs:twig":4,"minecraft:birch_sapling":1,"minecraft:egg":2},"minecraft:used":{"minecraft:egg":2},"minecraft:custom":{"minecraft:jump":93,"minecraft:time_since_rest":4106,"minecraft:crouch_one_cm":47,"minecraft:sprint_one_cm":21078,"minecraft:play_time":4106,"minecraft:walk_on_water_one_cm":558,"minecraft:time_since_death":4106,"minecraft:walk_one_cm":28279,"minecraft:sneak_time":17,"minecraft:total_world_time":4106,"minecraft:walk_under_water_one_cm":359,"minecraft:swim_one_cm":1550,"minecraft:fall_one_cm":687,"minecraft:fly_one_cm":3206}},"DataVersion":3120}