{"stats":{"minecraft:used":{"minecraft:stone_pickaxe":152,"minecraft:chest":10,"minecraft:wooden_pickaxe":49,"minecraft:iron_sword":94,"minecraft:wooden_shovel":9,"byg:palm_crafting_table":1,"minecraft:torch":43,"minecraft:crafting_table":5,"minecraft:wooden_axe":416,"minecraft:lava_bucket":2,"twigs:cobblestone_brick_wall":7,"minecraft:bread":7,"minecraft:iron_pickaxe":158,"buzzier_bees:honey_bread":4,"minecraft:stone_axe":50,"minecraft:furnace":2,"minecraft:bucket":3,"byg:palm_planks":9,"delightful:acorn":3},"minecraft:custom":{"minecraft:interact_with_furnace":6,"minecraft:mob_kills":11,"minecraft:interact_with_crafting_table":11,"minecraft:interact_with_stonecutter":1,"minecraft:leave_game":1,"minecraft:time_since_death":44953,"minecraft:time_since_rest":44953,"minecraft:waystone_activated":1,"minecraft:sprint_one_cm":75319,"minecraft:damage_taken":507,"minecraft:walk_one_cm":155917,"minecraft:drop":8,"minecraft:damage_dealt":2227,"minecraft:swim_one_cm":10997,"minecraft:fly_one_cm":55077,"minecraft:open_chest":17,"minecraft:crouch_one_cm":56,"minecraft:play_time":44953,"minecraft:sneak_time":113,"minecraft:walk_under_water_one_cm":13237,"minecraft:jump":389,"minecraft:walk_on_water_one_cm":2765,"minecraft:total_world_time":44953,"minecraft:fall_one_cm":7646},"minecraft:mined":{"biomemakeover:illunite_cluster":1,"excavated_variants:byg_soapstone_iron_ore":1,"minecraft:dark_oak_log":50,"minecraft:crafting_table":4,"minecraft:grass_block":3,"minecraft:chest":2,"twigs:twig":2,"minecraft:tall_grass":4,"minecraft:oak_planks":2,"minecraft:wall_torch":3,"supplementaries:urn":1,"byg:palm_log":186,"minecraft:spruce_log":120,"minecraft:andesite":37,"minecraft:grass":16,"minecraft:coal_ore":2,"minecraft:oak_log":45,"twigs:cobblestone_brick_wall":1,"minecraft:deepslate_iron_ore":4,"minecraft:dirt":8,"upgrade_aquatic:beachgrass":1,"minecraft:cobweb":70,"minecraft:stone":305,"twigs:opaline_seashell":1,"minecraft:oak_leaves":1,"minecraft:deepslate":3,"minecraft:fern":4},"minecraft:broken":{"minecraft:stone_pickaxe":1,"minecraft:wooden_axe":6},"minecraft:picked_up":{"minecraft:crafting_table":4,"minecraft:andesite":34,"minecraft:oak_log":45,"minecraft:string":67,"minecraft:dirt":26,"minecraft:bone":2,"byg:palm_sapling":4,"minecraft:wheat_seeds":21,"minecraft:cobbled_deepslate":3,"twigs:pebble":4,"minecraft:bucket":1,"minecraft:spruce_planks":3,"delightful:acorn":4,"minecraft:iron_ingot":1,"twigs:twig":18,"minecraft:chest":2,"minecraft:oak_planks":2,"minecraft:stick":16,"minecraft:raw_iron":5,"minecraft:cooked_porkchop":3,"minecraft:torch":14,"minecraft:gravel":8,"minecraft:spruce_sapling":5,"minecraft:spruce_log":95,"minecraft:dark_oak_log":48,"minecraft:arrow":1,"minecraft:rotten_flesh":5,"minecraft:beetroot_seeds":4,"byg:palm_log":139,"minecraft:oak_sapling":9,"minecraft:coal":2,"minecraft:cobblestone":290},"minecraft:crafted":{"minecraft:oak_planks":20,"minecraft:wooden_shovel":1,"byg:palm_crafting_table":1,"minecraft:crafting_table":1,"minecraft:spruce_planks":36,"minecraft:wooden_pickaxe":1,"minecraft:furnace":2,"minecraft:stone_axe":1,"minecraft:air":0,"byg:palm_planks":44,"minecraft:white_wool":16,"minecraft:stick":54,"minecraft:stone_pickaxe":1,"minecraft:wooden_axe":8,"minecraft:chest":8,"minecraft:torch":120},"minecraft:killed":{"minecraft:cave_spider":1,"minecraft:skeleton":4,"minecraft:zombie":6},"minecraft:dropped":{"minecraft:wheat_seeds":21,"minecraft:cobblestone":12,"minecraft:coal":12,"minecraft:wooden_axe":1,"minecraft:wooden_shovel":1,"minecraft:wooden_pickaxe":1,"byg:holly_sapling":1}},"DataVersion":3120}