{"stats":{"minecraft:crafted":{"minecraft:oak_planks":20,"minecraft:wooden_shovel":1,"byg:palm_crafting_table":1,"minecraft:crafting_table":1,"minecraft:spruce_planks":36,"minecraft:wooden_pickaxe":1,"minecraft:furnace":2,"minecraft:stone_axe":1,"minecraft:air":0,"byg:palm_planks":44,"minecraft:white_wool":16,"minecraft:stick":70,"minecraft:iron_pickaxe":1,"minecraft:stone_pickaxe":1,"minecraft:wooden_axe":8,"minecraft:chest":8,"minecraft:torch":120},"minecraft:dropped":{"minecraft:bread":6,"minecraft:stone_axe":1,"minecraft:wheat_seeds":21,"minecraft:cobblestone":12,"minecraft:coal":12,"storagenetwork:storage_kabel":1,"minecraft:wooden_axe":1,"minecraft:wooden_shovel":1,"minecraft:wooden_pickaxe":1,"minecraft:stone_pickaxe":1,"minecraft:iron_pickaxe":1,"byg:holly_sapling":1},"minecraft:picked_up":{"quark:diamond_heart":1,"minecraft:crafting_table":4,"minecraft:andesite":40,"minecraft:flint":1,"minecraft:tuff":3,"minecraft:oak_log":45,"minecraft:dirt":28,"minecraft:string":67,"minecraft:bone":5,"byg:palm_sapling":4,"quark:diorite_pillar":1,"minecraft:red_sand":1,"minecraft:wheat_seeds":21,"minecraft:cobbled_deepslate":14,"twigs:pebble":4,"minecraft:bucket":1,"minecraft:spruce_planks":3,"delightful:acorn":4,"minecraft:iron_ingot":1,"minecraft:stone_pickaxe":1,"twigs:twig":18,"minecraft:moss_block":2,"minecraft:chest":2,"minecraft:oak_planks":2,"minecraft:stick":16,"minecraft:raw_iron":5,"minecraft:cooked_porkchop":3,"minecraft:torch":21,"minecraft:gravel":12,"minecraft:spruce_sapling":5,"minecraft:diorite":16,"minecraft:spruce_log":95,"minecraft:dark_oak_log":48,"minecraft:arrow":7,"minecraft:rotten_flesh":6,"minecraft:slime_ball":2,"minecraft:stone_axe":1,"minecraft:beetroot_seeds":4,"minecraft:slime_block":4,"minecraft:granite":6,"minecraft:gold_ingot":6,"minecraft:bread":6,"minecraft:obsidian":4,"byg:palm_log":139,"supplementaries:ash":1,"minecraft:oak_sapling":9,"minecraft:coal":119,"storagenetwork:storage_kabel":1,"minecraft:cobblestone":799},"minecraft:mined":{"biomemakeover:illunite_cluster":1,"minecraft:tuff":3,"excavated_variants:byg_soapstone_iron_ore":1,"minecraft:dark_oak_log":50,"minecraft:obsidian":5,"minecraft:crafting_table":4,"minecraft:torch":3,"minecraft:granite":6,"minecraft:grass_block":3,"minecraft:chest":2,"twigs:twig":2,"minecraft:glass":2,"minecraft:tall_grass":4,"minecraft:slime_block":4,"minecraft:moss_block":2,"minecraft:oak_planks":2,"minecraft:diorite":16,"minecraft:wall_torch":5,"supplementaries:urn":1,"quark:diorite_pillar":1,"byg:palm_log":186,"minecraft:cobbled_deepslate":1,"minecraft:birch_leaves":1,"minecraft:spruce_log":120,"minecraft:andesite":43,"minecraft:grass":16,"minecraft:oak_log":45,"minecraft:coal_ore":46,"minecraft:deepslate_iron_ore":4,"twigs:cobblestone_brick_wall":1,"minecraft:gravel":5,"minecraft:dirt":10,"upgrade_aquatic:beachgrass":1,"minecraft:cobweb":70,"minecraft:stone":814,"twigs:opaline_seashell":1,"minecraft:oak_leaves":1,"minecraft:deepslate":13,"minecraft:fern":4},"minecraft:broken":{"minecraft:stone_pickaxe":1,"minecraft:iron_pickaxe":1,"minecraft:wooden_axe":6},"minecraft:custom":{"minecraft:interact_with_furnace":12,"minecraft:interact_with_anvil":5,"minecraft:mob_kills":21,"minecraft:interact_with_crafting_table":12,"minecraft:open_barrel":1,"minecraft:interact_with_stonecutter":2,"minecraft:leave_game":2,"minecraft:time_since_death":93169,"minecraft:climb_one_cm":602,"minecraft:time_since_rest":93169,"minecraft:waystone_activated":1,"minecraft:sprint_one_cm":142330,"minecraft:damage_taken":897,"minecraft:walk_one_cm":335499,"minecraft:drop":18,"minecraft:damage_dealt":4254,"minecraft:swim_one_cm":32759,"minecraft:fly_one_cm":137726,"minecraft:open_chest":57,"minecraft:crouch_one_cm":2761,"minecraft:play_time":93169,"minecraft:sneak_time":1404,"minecraft:walk_under_water_one_cm":21832,"minecraft:jump":639,"minecraft:walk_on_water_one_cm":13046,"minecraft:total_world_time":93169,"minecraft:fall_one_cm":9171},"minecraft:used":{"upgrade_aquatic:glass_door":2,"minecraft:stone_pickaxe":154,"minecraft:ladder":14,"minecraft:chest":107,"minecraft:wooden_pickaxe":49,"minecraft:stone":104,"minecraft:iron_sword":145,"minecraft:wooden_shovel":9,"byg:palm_crafting_table":1,"minecraft:torch":106,"minecraft:anvil":2,"minecraft:crafting_table":5,"minecraft:tuff":3,"minecraft:glass":67,"minecraft:wooden_axe":416,"minecraft:diamond_pickaxe":17,"minecraft:lava_bucket":2,"twigs:cobblestone_brick_wall":7,"minecraft:bread":16,"quark:pickarang":16,"minecraft:iron_pickaxe":741,"minecraft:stone_slab":8,"quark:diorite_pillar":1,"buzzier_bees:honey_bread":4,"minecraft:stone_axe":50,"minecraft:potion":1,"minecraft:furnace":2,"minecraft:bucket":3,"byg:palm_planks":9,"minecraft:cobbled_deepslate":7,"storagenetwork:storage_kabel":70,"delightful:acorn":3},"minecraft:killed":{"minecraft:cave_spider":1,"quark:stoneling":1,"quark:toretoise":1,"minecraft:slime":2,"minecraft:skeleton":6,"minecraft:zombie":8,"alexsmobs:centipede_head":1}},"DataVersion":3120}