{"stats":{"minecraft:used":{"minecraft:iron_shovel":46,"minecraft:flint_and_steel":3,"minecraft:spruce_slab":1,"minecraft:chest":2,"minecraft:shield":10,"minecraft:iron_sword":133,"minecraft:netherrack":1,"minecraft:torch":1,"minecraft:spruce_stairs":1,"minecraft:obsidian":4,"minecraft:lantern":1,"minecraft:iron_axe":170,"minecraft:dark_oak_slab":1,"minecraft:barrel":5,"buzzier_bees:honey_bread":4,"minecraft:bow":22,"minecraft:furnace":1,"ecologics:azalea_planks":1,"minecraft:dark_oak_stairs":2,"minecraft:stone_pickaxe":91,"farmersdelight:golden_knife":1,"minecraft:wooden_pickaxe":8,"minecraft:white_wool":5,"minecraft:glow_berries":25,"minecraft:crafting_table":4,"minecraft:shears":18,"minecraft:cake":1,"minecraft:diamond_pickaxe":36,"minecraft:apple":32,"minecraft:bread":9,"ecologics:flowering_azalea_planks":1,"minecraft:wooden_sword":11,"minecraft:cobblestone":24,"minecraft:smithing_table":1},"minecraft:custom":{"minecraft:interact_with_smithing_table":2,"minecraft:mob_kills":75,"minecraft:interact_with_crafting_table":23,"minecraft:open_barrel":25,"minecraft:eat_cake_slice":3,"minecraft:leave_game":1,"minecraft:time_since_death":0,"minecraft:climb_one_cm":10234,"minecraft:sprint_one_cm":291655,"minecraft:walk_one_cm":220540,"minecraft:damage_blocked_by_shield":420,"minecraft:drop":28,"minecraft:play_time":77099,"minecraft:sneak_time":4141,"minecraft:deaths":6,"minecraft:walk_under_water_one_cm":4844,"minecraft:jump":1265,"minecraft:interact_with_blast_furnace":3,"minecraft:walk_on_water_one_cm":15857,"minecraft:total_world_time":77099,"minecraft:interact_with_furnace":24,"minecraft:time_since_rest":1750,"minecraft:damage_taken":3357,"minecraft:damage_dealt":12635,"twilightforest:life_charms_activated":1,"minecraft:fly_one_cm":418788,"minecraft:swim_one_cm":9253,"minecraft:open_chest":18,"minecraft:crouch_one_cm":8439,"minecraft:fall_one_cm":44304,"minecraft:inspect_dispenser":1},"minecraft:broken":{"minecraft:iron_axe":1},"minecraft:mined":{"biomemakeover:ancient_oak_log":1,"minecraft:deepslate_diamond_ore":3,"minecraft:jack_o_lantern":1,"minecraft:obsidian":3,"minecraft:carved_pumpkin":1,"minecraft:cave_vines_plant":27,"minecraft:dark_oak_fence":3,"minecraft:spruce_leaves":2,"minecraft:moss_block":1,"ecologics:flowering_azalea_planks":1,"minecraft:magma_block":6,"minecraft:furnace":2,"minecraft:iron_ore":32,"minecraft:fire":4,"minecraft:pumpkin":4,"minecraft:dark_oak_stairs":1,"minecraft:gold_block":8,"excavated_variants:tuff_iron_ore":5,"minecraft:cave_vines":40,"minecraft:deepslate_iron_ore":14,"minecraft:dirt_path":1,"minecraft:lantern":1,"minecraft:azalea_leaves":3,"minecraft:stone":24,"minecraft:white_wool":3,"minecraft:spruce_slab":8,"minecraft:smithing_table":1,"minecraft:deepslate_redstone_ore":2,"biomemakeover:pink_wall_tapestry":1,"minecraft:clay":46,"minecraft:crafting_table":3,"minecraft:chest":2,"minecraft:cobblestone":15,"minecraft:wall_torch":1,"biomemakeover:mesmerite":3,"minecraft:spruce_stairs":5,"minecraft:dark_oak_slab":1,"minecraft:wheat":3,"minecraft:tnt":1,"minecraft:grass":6,"minecraft:oak_log":7,"ecologics:azalea_log":3,"ecologics:flowering_azalea_log":3,"minecraft:cobweb":15,"structure_gel:dynamic_spawner":4,"minecraft:netherrack":2,"minecraft:redstone_lamp":1,"minecraft:fern":1},"minecraft:picked_up":{"minecraft:crafting_table":3,"minecraft:wheat":13,"minecraft:clay_ball":160,"minecraft:flower_pot":1,"minecraft:redstone_lamp":1,"minecraft:smithing_table":2,"minecraft:wooden_pickaxe":2,"minecraft:gold_block":8,"minecraft:string":8,"minecraft:iron_axe":1,"spirit:broken_spawner":1,"minecraft:beef":5,"minecraft:spruce_slab":11,"minecraft:chest":2,"minecraft:furnace":2,"minecraft:stick":2,"minecraft:raw_iron":54,"ecologics:flowering_azalea_planks":1,"minecraft:big_dripleaf":4,"minecraft:torch":1,"minecraft:spruce_stairs":5,"minecraft:diorite":2,"minecraft:redstone":9,"buzzier_bees:honey_bread":3,"minecraft:dark_oak_planks":10,"minecraft:tnt":1,"minecraft:arrow":18,"minecraft:rotten_flesh":1,"minecraft:carved_pumpkin":1,"minecraft:totem_of_undying":2,"minecraft:obsidian":3,"minecraft:glow_berries":35,"minecraft:white_wool":8,"minecraft:cobblestone":47,"ecologics:flowering_azalea_log":2,"biomemakeover:pink_tapestry":2,"biomemakeover:moth_scales":2,"minecraft:oak_log":7,"minecraft:gunpowder":4,"minecraft:lantern":1,"biomemakeover:crude_cladding":2,"minecraft:cooked_mutton":4,"minecraft:bone":1,"minecraft:bow":1,"minecraft:raw_gold":2,"minecraft:cobweb":5,"minecraft:moss_block":1,"minecraft:dark_oak_stairs":3,"twilightforest:charm_of_life_1":1,"minecraft:dark_oak_slab":1,"ecologics:azalea_log":3,"minecraft:dead_bush":1,"immersive_weathering:dark_oak_bark":1,"minecraft:barrel":2,"minecraft:leather_helmet":2,"galosphere:silver_nugget":6,"minecraft:diamond":3,"ecologics:azalea_planks":5,"waystones:waystone":1,"minecraft:crossbow":2,"minecraft:emerald":1,"immersive_weathering:biomemakeover/ancient_oak_bark":2,"minecraft:netherrack":1,"minecraft:dark_oak_fence":1,"minecraft:coal":19,"minecraft:diamond_pickaxe":1},"minecraft:crafted":{"minecraft:oak_planks":28,"minecraft:barrel":3,"ecologics:flowering_azalea_planks":8,"minecraft:iron_boots":1,"minecraft:iron_axe":2,"minecraft:stone_pickaxe":1,"minecraft:oak_slab":12,"minecraft:crafting_table":2,"minecraft:iron_helmet":1,"minecraft:air":0,"minecraft:iron_chestplate":1,"minecraft:stick":8,"minecraft:iron_ingot":49,"minecraft:iron_shovel":1,"minecraft:iron_leggings":1,"ecologics:azalea_planks":12,"minecraft:shears":1},"minecraft:killed_by":{"minecraft:evoker":1,"minecraft:vindicator":2,"minecraft:zombie":1},"minecraft:killed":{"minecraft:evoker":2,"minecraft:vex":6,"minecraft:spider":13,"minecraft:vindicator":2,"minecraft:skeleton":4,"hunterillager:hunterillager":3,"rottencreatures:undead_miner":1,"minecraft:zombie_villager":1,"minecraft:creeper":1,"minecraft:pillager":6,"minecraft:zombie":31},"minecraft:dropped":{"byg:biomepedia":1,"minecraft:dark_oak_stairs":1,"minecraft:moss_block":1,"minecraft:cobblestone":9,"minecraft:leather_helmet":1,"minecraft:cobweb":1,"minecraft:diorite":1,"biomemakeover:crude_cladding":1,"ecologics:azalea_planks":5,"minecraft:iron_axe":1,"minecraft:bone":1,"minecraft:furnace":1,"alexsmobs:animal_dictionary":1,"spirit:broken_spawner":1,"minecraft:wheat":4,"minecraft:rotten_flesh":1,"biomemakeover:moth_scales":2,"minecraft:big_dripleaf":4,"minecraft:leather_boots":1,"minecraft:spruce_slab":3,"minecraft:arrow":2,"minecraft:wooden_pickaxe":1,"biomemakeover:pink_tapestry":1}},"DataVersion":3120}