{"stats":{"minecraft:picked_up":{"minecraft:crafting_table":3,"minecraft:clay_ball":160,"minecraft:smithing_table":1,"minecraft:wooden_pickaxe":1,"biomemakeover:moth_scales":2,"minecraft:iron_axe":1,"minecraft:bone":1,"minecraft:raw_gold":2,"minecraft:beef":5,"minecraft:moss_block":1,"minecraft:furnace":2,"minecraft:raw_iron":54,"minecraft:stick":2,"minecraft:big_dripleaf":4,"minecraft:diorite":1,"minecraft:redstone":9,"minecraft:dark_oak_planks":10,"minecraft:arrow":13,"minecraft:rotten_flesh":1,"minecraft:diamond":3,"minecraft:glow_berries":35,"minecraft:coal":19,"minecraft:white_wool":6,"minecraft:cobblestone":22,"minecraft:diamond_pickaxe":1},"minecraft:custom":{"minecraft:interact_with_furnace":24,"minecraft:mob_kills":16,"minecraft:interact_with_crafting_table":18,"minecraft:open_barrel":4,"minecraft:time_since_death":29625,"minecraft:climb_one_cm":1591,"minecraft:time_since_rest":29643,"minecraft:sprint_one_cm":107921,"minecraft:damage_taken":1256,"minecraft:walk_one_cm":63926,"minecraft:drop":2,"minecraft:damage_dealt":3075,"minecraft:swim_one_cm":8271,"minecraft:fly_one_cm":265035,"minecraft:open_chest":4,"minecraft:crouch_one_cm":2627,"minecraft:play_time":33140,"minecraft:sneak_time":1267,"minecraft:deaths":1,"minecraft:walk_under_water_one_cm":4731,"minecraft:jump":691,"minecraft:walk_on_water_one_cm":15757,"minecraft:total_world_time":33140,"minecraft:fall_one_cm":23012},"minecraft:mined":{"minecraft:smithing_table":1,"minecraft:deepslate_redstone_ore":2,"minecraft:deepslate_diamond_ore":3,"minecraft:clay":46,"minecraft:crafting_table":3,"minecraft:cave_vines_plant":27,"minecraft:moss_block":1,"minecraft:furnace":2,"minecraft:iron_ore":32,"excavated_variants:tuff_iron_ore":5,"minecraft:grass":1,"minecraft:cave_vines":40,"minecraft:deepslate_iron_ore":14,"minecraft:dirt_path":1,"minecraft:cobweb":2,"minecraft:stone":14},"minecraft:killed":{"rottencreatures:undead_miner":1,"minecraft:zombie_villager":1,"minecraft:spider":2,"minecraft:skeleton":2,"hunterillager:hunterillager":3,"minecraft:zombie":4},"minecraft:used":{"minecraft:iron_shovel":46,"minecraft:stone_pickaxe":57,"minecraft:wooden_pickaxe":8,"minecraft:glow_berries":23,"minecraft:crafting_table":3,"minecraft:shears":2,"minecraft:diamond_pickaxe":15,"minecraft:apple":3,"minecraft:iron_axe":48,"minecraft:bread":9,"minecraft:wooden_sword":11,"minecraft:cobblestone":8,"minecraft:furnace":1},"minecraft:dropped":{"minecraft:rotten_flesh":1,"minecraft:iron_axe":1},"minecraft:crafted":{"minecraft:crafting_table":1,"minecraft:iron_helmet":1,"minecraft:air":0,"minecraft:iron_boots":1,"minecraft:iron_chestplate":1,"minecraft:iron_axe":1,"minecraft:stick":4,"minecraft:iron_ingot":49,"minecraft:stone_pickaxe":1,"minecraft:iron_shovel":1,"minecraft:iron_leggings":1,"minecraft:shears":1}},"DataVersion":3120}