{"stats":{"minecraft:picked_up":{"minecraft:crafting_table":1,"minecraft:raw_iron":19,"minecraft:dandelion":1,"minecraft:gunpowder":1,"minecraft:dark_oak_log":8,"minecraft:dirt":1,"minecraft:gray_wool":1,"minecraft:mutton":6,"minecraft:coal":27,"minecraft:white_wool":2,"minecraft:cobblestone":25},"minecraft:custom":{"minecraft:time_since_rest":5657,"minecraft:interact_with_furnace":11,"minecraft:sprint_one_cm":41326,"minecraft:damage_taken":523,"minecraft:walk_one_cm":52416,"minecraft:damage_blocked_by_shield":40,"minecraft:mob_kills":7,"minecraft:drop":3,"minecraft:damage_dealt":1077,"minecraft:swim_one_cm":2007,"minecraft:interact_with_crafting_table":12,"minecraft:fly_one_cm":35804,"minecraft:crouch_one_cm":53,"minecraft:play_time":14065,"minecraft:deaths":1,"minecraft:sneak_time":95,"minecraft:walk_under_water_one_cm":3673,"minecraft:jump":274,"minecraft:leave_game":1,"minecraft:walk_on_water_one_cm":2978,"minecraft:time_since_death":5610,"minecraft:total_world_time":14065,"minecraft:fall_one_cm":4874},"minecraft:mined":{"minecraft:iron_ore":20,"minecraft:dark_oak_log":8,"minecraft:dandelion":1,"minecraft:crafting_table":1,"minecraft:grass":1,"minecraft:grass_block":1,"minecraft:coal_ore":28,"minecraft:stone":27},"minecraft:killed":{"minecraft:sheep":3,"minecraft:skeleton":1,"minecraft:zombie":1,"minecraft:spider":1,"minecraft:creeper":1},"minecraft:killed_by":{"minecraft:skeleton":1},"minecraft:used":{"minecraft:bread":4,"minecraft:stone_pickaxe":48,"minecraft:iron_pickaxe":24,"minecraft:shield":1,"minecraft:wooden_pickaxe":5,"minecraft:wooden_sword":34,"minecraft:crafting_table":1,"minecraft:furnace":1,"minecraft:bucket":1},"minecraft:dropped":{"minecraft:wooden_pickaxe":1,"minecraft:dark_oak_planks":10,"minecraft:stick":2},"minecraft:crafted":{"minecraft:iron_boots":1,"minecraft:iron_axe":1,"minecraft:crafting_table":1,"minecraft:stick":12,"minecraft:iron_ingot":13,"minecraft:wooden_pickaxe":1,"minecraft:iron_pickaxe":1,"minecraft:stone_pickaxe":1,"minecraft:furnace":1,"minecraft:bucket":1,"minecraft:dark_oak_planks":32,"minecraft:stone_axe":1}},"DataVersion":3120}