{"stats":{"minecraft:crafted":{"minecraft:oak_planks":4,"minecraft:crafting_table":1,"minecraft:wooden_pickaxe":1,"minecraft:iron_helmet":1,"minecraft:furnace":1,"minecraft:bucket":2,"minecraft:stone_axe":1,"minecraft:iron_boots":1,"minecraft:iron_chestplate":1,"minecraft:shield":1,"naturescompass:naturescompass":1,"minecraft:iron_axe":1,"minecraft:stick":12,"minecraft:iron_ingot":84,"minecraft:iron_pickaxe":1,"minecraft:stone_pickaxe":1,"minecraft:iron_leggings":1,"minecraft:dark_oak_planks":32,"minecraft:shears":1},"minecraft:dropped":{"naturescompass:naturescompass":1,"minecraft:iron_sword":2,"minecraft:stick":2,"minecraft:filled_map":1,"minecraft:wooden_pickaxe":1,"minecraft:dark_oak_planks":10},"minecraft:picked_up":{"minecraft:coarse_dirt":1,"minecraft:air":3,"minecraft:crafting_table":1,"minecraft:feather":2,"minecraft:filled_map":1,"minecraft:ice":30,"minecraft:oak_log":41,"minecraft:gunpowder":1,"minecraft:dirt":2,"minecraft:iron_axe":1,"alexsmobs:ancient_dart":2,"spirit:broken_spawner":8,"minecraft:sticky_piston":1,"minecraft:cooked_mutton":7,"minecraft:bone":57,"minecraft:wheat_seeds":1,"delightful:acorn":4,"minecraft:spruce_wood":5,"minecraft:minecart":1,"twigs:twig":14,"minecraft:iron_sword":3,"minecraft:tipped_arrow":15,"minecraft:raw_iron":19,"minecraft:torch":1,"minecraft:dandelion":1,"minecraft:spruce_fence":1,"minecraft:porkchop":2,"minecraft:stripped_spruce_log":1,"minecraft:spruce_log":1,"minecraft:goat_horn":1,"minecraft:dark_oak_log":10,"minecraft:brown_carpet":1,"minecraft:dispenser":1,"minecraft:arrow":76,"minecraft:rotten_flesh":2,"minecraft:hay_block":4,"minecraft:emerald":8,"minecraft:gray_wool":1,"minecraft:black_banner":1,"minecraft:oak_sapling":13,"minecraft:mutton":6,"minecraft:coal":27,"minecraft:white_wool":2,"minecraft:cobblestone":25},"minecraft:mined":{"minecraft:dark_oak_log":10,"minecraft:dandelion":1,"minecraft:crafting_table":1,"minecraft:spruce_fence":1,"minecraft:grass_block":2,"minecraft:spawner":4,"minecraft:hay_block":5,"minecraft:coarse_dirt":1,"minecraft:powered_rail":1,"minecraft:iron_ore":20,"minecraft:sticky_piston":3,"minecraft:spruce_log":2,"minecraft:stripped_spruce_log":1,"minecraft:grass":4,"minecraft:oak_log":51,"minecraft:coal_ore":28,"structure_gel:dynamic_spawner":4,"minecraft:spruce_wood":5,"minecraft:dispenser":1,"minecraft:stone":27},"minecraft:killed_by":{"minecraft:vindicator":2,"minecraft:player":1,"minecraft:skeleton":4},"minecraft:custom":{"minecraft:interact_with_smithing_table":1,"minecraft:interact_with_furnace":11,"minecraft:mob_kills":70,"minecraft:interact_with_anvil":3,"minecraft:interact_with_crafting_table":18,"minecraft:open_barrel":20,"minecraft:interact_with_loom":1,"minecraft:interact_with_campfire":6,"minecraft:leave_game":1,"minecraft:time_since_death":17905,"minecraft:sleep_in_bed":1,"minecraft:climb_one_cm":13622,"minecraft:time_since_rest":17933,"minecraft:sprint_one_cm":215874,"minecraft:damage_taken":3718,"minecraft:walk_one_cm":306355,"minecraft:damage_blocked_by_shield":70,"minecraft:drop":7,"minecraft:damage_dealt":11172,"minecraft:player_kills":1,"minecraft:swim_one_cm":40113,"minecraft:fly_one_cm":217921,"minecraft:open_chest":59,"minecraft:crouch_one_cm":1241,"minecraft:play_time":98559,"minecraft:deaths":7,"minecraft:sneak_time":774,"minecraft:walk_under_water_one_cm":13370,"minecraft:jump":1455,"minecraft:interact_with_blast_furnace":12,"minecraft:walk_on_water_one_cm":38977,"minecraft:total_world_time":98559,"minecraft:fall_one_cm":27993},"minecraft:used":{"minecraft:cooked_mutton":6,"minecraft:water_bucket":3,"minecraft:stone_pickaxe":48,"minecraft:shield":2,"minecraft:wooden_pickaxe":5,"minecraft:iron_sword":106,"minecraft:crafting_table":2,"supplementaries:bomb":1,"minecraft:snowball":4,"minecraft:dark_oak_planks":22,"minecraft:iron_axe":123,"minecraft:bread":30,"minecraft:iron_pickaxe":39,"minecraft:wooden_sword":38,"minecraft:bow":45,"minecraft:furnace":1,"minecraft:bucket":5,"minecraft:experience_bottle":7},"minecraft:killed":{"minecraft:vindicator":1,"minecraft:spider":1,"alexsmobs:seagull":1,"minecraft:creeper":2,"minecraft:sheep":3,"minecraft:skeleton":22,"hunterillager:hunterillager":3,"minecraft:zombie":3,"friendsandfoes:mauler":1,"minecraft:stray":27,"rottencreatures:swampy":1}},"DataVersion":3120}