{"stats":{"minecraft:picked_up":{"minecraft:birch_log":42,"minecraft:crafting_table":1,"minecraft:beef":4,"minecraft:oak_log":6,"twigs:twig":9,"minecraft:birch_sapling":3},"minecraft:used":{"minecraft:wooden_axe":54,"minecraft:wooden_sword":6,"minecraft:crafting_table":1,"minecraft:birch_planks":3},"minecraft:custom":{"minecraft:time_since_rest":9468,"minecraft:play_time":9468,"minecraft:sprint_one_cm":16587,"minecraft:damage_taken":30,"minecraft:walk_one_cm":16968,"minecraft:mob_kills":2,"minecraft:jump":51,"minecraft:damage_dealt":200,"minecraft:leave_game":2,"minecraft:walk_on_water_one_cm":40,"minecraft:time_since_death":9468,"minecraft:total_world_time":9468,"minecraft:interact_with_crafting_table":2,"minecraft:fall_one_cm":987,"minecraft:fly_one_cm":12104},"minecraft:crafted":{"minecraft:oak_planks":24,"minecraft:birch_planks":168,"minecraft:crafting_table":1,"minecraft:stick":22,"minecraft:wooden_pickaxe":1,"minecraft:wooden_axe":1},"minecraft:killed":{"minecraft:cow":2},"minecraft:mined":{"minecraft:grass":1,"minecraft:oak_log":6,"minecraft:birch_log":43,"minecraft:crafting_table":1}},"DataVersion":3120}