{"stats":{"minecraft:picked_up":{"minecraft:wooden_axe":2,"minecraft:birch_log":42,"minecraft:crafting_table":4,"minecraft:wooden_pickaxe":1,"minecraft:birch_planks":19,"minecraft:oak_log":6,"minecraft:lapis_lazuli":47,"minecraft:string":1,"minecraft:moss_carpet":4,"minecraft:wooden_sword":1,"culturaldelights:glow_squid":2,"minecraft:bone":2,"minecraft:wheat_seeds":1,"minecraft:cobbled_deepslate":3,"minecraft:beef":4,"minecraft:azalea":2,"galosphere:raw_silver":5,"twigs:twig":9,"minecraft:moss_block":11,"minecraft:birch_sapling":3,"minecraft:flowering_azalea":2,"minecraft:furnace":1,"minecraft:raw_iron":139,"minecraft:torch":5,"minecraft:rotten_flesh":7,"minecraft:mutton":4,"minecraft:coal":45,"minecraft:white_wool":4,"minecraft:cobblestone":34},"minecraft:custom":{"minecraft:interact_with_furnace":22,"minecraft:mob_kills":20,"minecraft:interact_with_crafting_table":18,"minecraft:leave_game":3,"minecraft:time_since_death":33217,"minecraft:time_since_rest":33233,"minecraft:sprint_one_cm":74650,"minecraft:damage_taken":837,"minecraft:walk_one_cm":131338,"minecraft:drop":18,"minecraft:damage_dealt":3260,"minecraft:fly_one_cm":53593,"minecraft:crouch_one_cm":2107,"minecraft:play_time":47703,"minecraft:deaths":1,"minecraft:sneak_time":1559,"minecraft:walk_under_water_one_cm":1804,"minecraft:jump":668,"minecraft:walk_on_water_one_cm":6234,"minecraft:total_world_time":47703,"minecraft:fall_one_cm":20524},"minecraft:mined":{"minecraft:large_amethyst_bud":1,"galosphere:deepslate_silver_ore":5,"minecraft:crafting_table":4,"minecraft:tall_grass":1,"minecraft:cobblestone":1,"minecraft:lapis_ore":6,"minecraft:moss_block":1,"minecraft:wall_torch":5,"minecraft:birch_planks":19,"minecraft:furnace":1,"minecraft:birch_log":43,"minecraft:iron_ore":49,"excavated_variants:tuff_iron_ore":2,"minecraft:grass":3,"minecraft:oak_log":6,"minecraft:coal_ore":45,"minecraft:cave_vines":2,"minecraft:deepslate_iron_ore":87,"minecraft:azalea":1,"minecraft:stone":32,"minecraft:deepslate":3},"minecraft:killed":{"rottencreatures:undead_miner":1,"minecraft:spider":1,"minecraft:sheep":3,"minecraft:skeleton":1,"minecraft:zombie":11,"biomemakeover:moth":1,"minecraft:cow":2},"minecraft:killed_by":{"minecraft:creeper":1},"minecraft:used":{"minecraft:water_bucket":7,"minecraft:stone_sword":47,"minecraft:birch_planks":68,"minecraft:stone_pickaxe":235,"minecraft:wooden_pickaxe":4,"minecraft:torch":4,"minecraft:crafting_table":5,"minecraft:shears":1,"minecraft:wooden_axe":54,"minecraft:bread":9,"minecraft:stone_axe":38,"minecraft:wooden_sword":40,"minecraft:cobblestone":5,"minecraft:furnace":2,"minecraft:bucket":8,"minecraft:cooked_beef":2},"minecraft:dropped":{"minecraft:iron_ingot":1,"minecraft:moss_carpet":4,"minecraft:moss_block":11,"minecraft:wheat_seeds":1,"minecraft:birch_sapling":3,"minecraft:rotten_flesh":7,"minecraft:oak_planks":1,"minecraft:stick":2,"minecraft:wooden_axe":3,"minecraft:wooden_sword":2,"culturaldelights:glow_squid":2,"minecraft:stone_pickaxe":1,"minecraft:wooden_pickaxe":1},"minecraft:crafted":{"minecraft:cooked_beef":4,"minecraft:oak_planks":24,"minecraft:crafting_table":2,"minecraft:wooden_pickaxe":1,"minecraft:iron_helmet":1,"minecraft:furnace":1,"minecraft:bucket":1,"minecraft:birch_planks":168,"minecraft:stone_axe":1,"minecraft:air":0,"minecraft:iron_boots":1,"minecraft:iron_chestplate":1,"minecraft:stick":22,"minecraft:iron_ingot":45,"minecraft:iron_pickaxe":1,"minecraft:stone_pickaxe":2,"minecraft:wooden_axe":1,"minecraft:stone_sword":1,"minecraft:iron_leggings":1,"minecraft:torch":8,"minecraft:shears":1}},"DataVersion":3120}