{"stats":{"minecraft:used":{"minecraft:stone_sword":47,"minecraft:spruce_slab":2,"minecraft:chest":3,"minecraft:iron_sword":44,"biomemakeover:lime_tapestry":1,"minecraft:torch":13,"minecraft:dirt":6,"byg:pink_anemone":2,"minecraft:spruce_fence":1,"byg:lush_dirt":3,"minecraft:dark_oak_planks":1,"minecraft:wooden_axe":54,"minecraft:stripped_dark_oak_wood":2,"minecraft:lantern":4,"minecraft:iron_axe":209,"minecraft:dark_oak_slab":5,"byg:rose":1,"buzzier_bees:honey_bread":6,"minecraft:brown_carpet":5,"woodworks:birch_chest":3,"minecraft:furnace":4,"minecraft:cooked_beef":7,"minecraft:brown_bed":1,"minecraft:dark_oak_stairs":3,"minecraft:water_bucket":9,"minecraft:birch_planks":69,"minecraft:stone_pickaxe":235,"minecraft:baked_potato":1,"minecraft:wooden_pickaxe":4,"minecraft:cauldron":1,"minecraft:stonecutter":2,"byg:fairy_slipper":3,"minecraft:stripped_dark_oak_log":5,"minecraft:crafting_table":11,"minecraft:blast_furnace":4,"minecraft:crossbow":3,"minecraft:dark_oak_fence_gate":1,"minecraft:shears":1,"minecraft:dark_oak_log":5,"minecraft:bread":10,"minecraft:iron_pickaxe":53,"minecraft:stone_axe":38,"minecraft:wooden_sword":40,"minecraft:cobblestone":5,"minecraft:dark_oak_fence":28,"minecraft:smithing_table":1,"minecraft:bucket":11,"minecraft:coarse_dirt":1,"minecraft:experience_bottle":11},"minecraft:custom":{"minecraft:interact_with_smithing_table":1,"minecraft:mob_kills":33,"minecraft:interact_with_crafting_table":34,"minecraft:open_barrel":33,"minecraft:interact_with_campfire":7,"minecraft:eat_cake_slice":4,"minecraft:leave_game":4,"minecraft:time_since_death":90328,"minecraft:climb_one_cm":4440,"minecraft:sprint_one_cm":171356,"minecraft:walk_one_cm":331747,"minecraft:drop":46,"minecraft:play_time":104814,"minecraft:deaths":1,"minecraft:sneak_time":2033,"minecraft:walk_under_water_one_cm":2388,"minecraft:jump":929,"minecraft:interact_with_blast_furnace":25,"minecraft:walk_on_water_one_cm":7710,"minecraft:total_world_time":104814,"minecraft:interact_with_furnace":30,"minecraft:time_since_rest":90344,"minecraft:damage_taken":1753,"minecraft:damage_dealt":5475,"minecraft:fly_one_cm":80908,"minecraft:open_chest":83,"minecraft:crouch_one_cm":2945,"minecraft:fall_one_cm":26092,"minecraft:inspect_dispenser":2},"minecraft:mined":{"minecraft:dark_oak_planks":7,"minecraft:large_amethyst_bud":1,"minecraft:spruce_planks":7,"minecraft:cobblestone_stairs":1,"minecraft:dark_oak_log":72,"minecraft:potted_dead_bush":1,"minecraft:dark_oak_fence":31,"minecraft:grass_block":5,"minecraft:spruce_fence":1,"minecraft:purple_stained_glass_pane":1,"minecraft:moss_block":1,"woodworks:birch_chest":1,"minecraft:hay_block":7,"minecraft:furnace":4,"minecraft:iron_ore":49,"minecraft:barrel":2,"blue_skies:lunar_stonebrick":10,"minecraft:fletching_table":1,"minecraft:stripped_dark_oak_wood":3,"minecraft:brown_bed":2,"minecraft:dark_oak_stairs":13,"excavated_variants:tuff_iron_ore":2,"minecraft:water_cauldron":1,"minecraft:cave_vines":2,"minecraft:deepslate_iron_ore":87,"minecraft:lantern":9,"minecraft:azalea":1,"minecraft:stone":45,"byg:fairy_slipper":1,"minecraft:spruce_slab":5,"minecraft:smithing_table":2,"minecraft:stripped_dark_oak_log":5,"minecraft:brown_carpet":5,"galosphere:deepslate_silver_ore":5,"minecraft:crafting_table":7,"minecraft:blast_furnace":5,"immersive_weathering:soot":1,"minecraft:chest":3,"biomemakeover:lime_wall_tapestry":1,"minecraft:cobblestone":1,"minecraft:tall_grass":2,"minecraft:lapis_ore":6,"byg:lush_grass_block":2,"minecraft:wall_torch":6,"byg:pink_anemone":3,"minecraft:chain":2,"minecraft:birch_planks":21,"minecraft:coarse_dirt":1,"byg:lush_dirt":1,"minecraft:dark_oak_slab":12,"minecraft:birch_log":43,"minecraft:wheat":8,"minecraft:stone_brick_stairs":1,"minecraft:grass":9,"minecraft:coal_ore":46,"minecraft:oak_log":8,"minecraft:dirt":3,"byg:rose":2,"minecraft:cobweb":5,"minecraft:stone_bricks":1,"minecraft:stonecutter":1,"minecraft:polished_andesite":1,"minecraft:fern":3,"minecraft:oak_leaves":2,"minecraft:deepslate":3},"minecraft:picked_up":{"minecraft:wooden_axe":2,"minecraft:coarse_dirt":1,"minecraft:crafting_table":7,"byg:lush_dirt":3,"minecraft:ladder":5,"minecraft:flower_pot":2,"minecraft:smithing_table":1,"minecraft:wooden_pickaxe":1,"minecraft:brown_bed":2,"minecraft:stone_brick_stairs":1,"minecraft:chain":2,"minecraft:string":5,"minecraft:moss_carpet":4,"minecraft:wooden_sword":1,"minecraft:white_carpet":5,"minecraft:cobbled_deepslate":3,"minecraft:spruce_planks":7,"minecraft:beef":13,"minecraft:azalea":2,"minecraft:spruce_slab":5,"minecraft:chest":3,"minecraft:birch_sapling":3,"minecraft:furnace":5,"minecraft:raw_iron":139,"minecraft:torch":17,"minecraft:spruce_fence":1,"minecraft:diorite":1,"minecraft:cauldron":1,"minecraft:dark_oak_planks":10,"minecraft:brown_carpet":5,"minecraft:stone_sword":1,"minecraft:arrow":9,"minecraft:rotten_flesh":9,"minecraft:hay_block":7,"minecraft:stripped_dark_oak_wood":3,"minecraft:mutton":4,"minecraft:white_wool":4,"minecraft:cobblestone":48,"minecraft:birch_log":42,"woodworks:birch_chest":1,"minecraft:cooked_beef":3,"biomemakeover:lime_tapestry":1,"minecraft:birch_planks":21,"minecraft:oak_log":8,"minecraft:gunpowder":4,"minecraft:cobblestone_stairs":1,"minecraft:lapis_lazuli":47,"minecraft:dirt":8,"minecraft:lantern":9,"culturaldelights:glow_squid":2,"minecraft:red_carpet":2,"minecraft:bone":3,"minecraft:stone_bricks":1,"minecraft:stonecutter":1,"minecraft:wheat_seeds":13,"blue_skies:lunar_stonebrick":10,"minecraft:stone_pickaxe":1,"minecraft:fletching_table":1,"minecraft:moss_block":11,"galosphere:raw_silver":5,"twigs:twig":18,"minecraft:flowering_azalea":2,"minecraft:dark_oak_stairs":16,"byg:rose":2,"minecraft:dark_oak_slab":12,"byg:fairy_slipper":3,"minecraft:blast_furnace":6,"minecraft:dead_bush":2,"minecraft:dark_oak_log":71,"immersive_weathering:dark_oak_bark":8,"minecraft:barrel":2,"minecraft:leather_helmet":5,"galosphere:silver_nugget":4,"byg:pink_anemone":3,"minecraft:stone_axe":1,"waystones:waystone":1,"minecraft:emerald":3,"minecraft:oak_sapling":1,"minecraft:dark_oak_fence":31,"minecraft:stripped_dark_oak_log":5,"minecraft:coal":53},"minecraft:crafted":{"minecraft:raw_iron":90,"minecraft:oak_planks":32,"minecraft:furnace":2,"minecraft:stone":3,"minecraft:iron_boots":1,"minecraft:iron_axe":1,"minecraft:stone_pickaxe":2,"galosphere:silver_ingot":5,"minecraft:dark_oak_planks":148,"minecraft:wheat":63,"minecraft:raw_iron_block":10,"minecraft:cooked_beef":4,"woodworks:birch_chest":2,"minecraft:dark_oak_stairs":4,"minecraft:crafting_table":5,"minecraft:wooden_pickaxe":1,"minecraft:iron_helmet":1,"minecraft:iron_sword":1,"minecraft:bucket":2,"minecraft:birch_planks":168,"minecraft:stone_axe":1,"minecraft:bread":25,"minecraft:air":0,"minecraft:iron_chestplate":1,"minecraft:stick":52,"minecraft:iron_ingot":141,"minecraft:iron_pickaxe":1,"minecraft:wooden_axe":1,"minecraft:stone_sword":1,"minecraft:iron_leggings":1,"minecraft:stonecutter":1,"minecraft:dark_oak_fence_gate":1,"minecraft:torch":8,"minecraft:shears":1},"minecraft:killed_by":{"minecraft:creeper":1},"minecraft:killed":{"minecraft:vex":1,"minecraft:spider":1,"minecraft:vindicator":2,"minecraft:skeleton":2,"hunterillager:hunterillager":1,"biomemakeover:moth":1,"rottencreatures:undead_miner":1,"minecraft:sheep":3,"minecraft:pillager":4,"minecraft:zombie":16,"minecraft:cow":2},"minecraft:dropped":{"minecraft:iron_ingot":1,"minecraft:moss_block":11,"minecraft:dark_oak_stairs":4,"minecraft:wheat_seeds":9,"minecraft:leather_helmet":5,"minecraft:stick":2,"minecraft:diorite":1,"minecraft:wooden_axe":3,"minecraft:dead_bush":2,"minecraft:wooden_sword":2,"minecraft:string":7,"minecraft:moss_carpet":4,"minecraft:stone_axe":2,"minecraft:stone_sword":1,"minecraft:birch_sapling":3,"minecraft:rotten_flesh":7,"minecraft:oak_planks":1,"minecraft:blast_furnace":1,"minecraft:flower_pot":2,"minecraft:gunpowder":4,"minecraft:barrel":2,"minecraft:spruce_slab":3,"culturaldelights:glow_squid":2,"minecraft:stone_pickaxe":2,"minecraft:beef":3,"minecraft:wooden_pickaxe":1}},"DataVersion":3120}