{"stats":{"minecraft:crafted":{"minecraft:oak_planks":32,"minecraft:stone":3,"twigs:bamboo_thatch":34,"ecologics:flowering_azalea_planks":8,"minecraft:iron_boots":1,"galosphere:silver_ingot":7,"minecraft:raw_iron_block":10,"minecraft:crafting_table":5,"minecraft:wooden_pickaxe":1,"minecraft:iron_helmet":1,"minecraft:birch_planks":168,"minecraft:iron_chestplate":1,"minecraft:shield":1,"minecraft:stick":56,"minecraft:iron_ingot":146,"minecraft:iron_pickaxe":1,"minecraft:stone_sword":1,"minecraft:iron_block":3,"woodworks:dark_oak_chest":2,"minecraft:gold_ingot":3,"minecraft:dark_oak_fence_gate":1,"minecraft:shears":1,"phantasm:stellium_ingot":2,"minecraft:raw_iron":144,"minecraft:furnace":2,"twigs:bamboo_thatch_slab":66,"minecraft:iron_axe":2,"minecraft:stone_pickaxe":2,"minecraft:dark_oak_planks":148,"phantasm:stellium_sword":1,"minecraft:wheat":63,"minecraft:cooked_beef":4,"woodworks:birch_chest":2,"minecraft:dark_oak_stairs":4,"everycomp:db/ecologics/flowering_azalea_support":3,"minecraft:iron_sword":2,"minecraft:bucket":2,"minecraft:stone_axe":1,"minecraft:bread":54,"minecraft:air":0,"aether:iron_gloves":1,"minecraft:golden_apple":1,"minecraft:gold_nugget":9,"minecraft:wooden_axe":1,"minecraft:iron_shovel":1,"minecraft:iron_leggings":1,"minecraft:stonecutter":1,"minecraft:anvil":1,"minecraft:torch":8},"minecraft:dropped":{"minecraft:moss_block":11,"minecraft:dark_oak_stairs":4,"minecraft:black_banner":1,"minecraft:leather_helmet":5,"minecraft:emerald":1,"minecraft:chain":2,"minecraft:gold_nugget":5,"minecraft:wooden_sword":2,"minecraft:dark_oak_planks":16,"ftbquests:book":2,"minecraft:gold_ingot":1,"minecraft:stone_axe":2,"minecraft:wheat":1,"minecraft:birch_sapling":3,"minecraft:rotten_flesh":7,"minecraft:oak_planks":1,"minecraft:tipped_arrow":1,"minecraft:gunpowder":4,"minecraft:spruce_slab":3,"culturaldelights:glow_squid":2,"minecraft:beef":3,"minecraft:iron_ingot":1,"minecraft:wheat_seeds":9,"minecraft:stick":2,"minecraft:diorite":1,"minecraft:wooden_axe":3,"minecraft:dead_bush":2,"minecraft:string":7,"minecraft:dandelion":1,"minecraft:moss_carpet":4,"minecraft:stone_sword":1,"biomemakeover:raw_crab":2,"minecraft:blast_furnace":1,"minecraft:filled_map":1,"minecraft:hay_block":1,"minecraft:flower_pot":2,"minecraft:barrel":2,"minecraft:stone_pickaxe":2,"minecraft:wooden_pickaxe":1},"minecraft:picked_up":{"minecraft:wooden_axe":2,"minecraft:flower_pot":4,"byg:lush_dirt":5,"minecraft:smithing_table":1,"minecraft:brown_bed":4,"minecraft:stone_brick_stairs":2,"minecraft:string":9,"spirit:broken_spawner":5,"minecraft:sticky_piston":2,"minecraft:gold_nugget":5,"minecraft:cobbled_deepslate":3,"minecraft:spruce_planks":7,"minecraft:azalea":2,"minecraft:furnace":11,"minecraft:tipped_arrow":18,"biomemakeover:raw_crab":2,"ecologics:flowering_azalea_planks":2,"minecraft:torch":18,"twigs:bamboo_leaves":69,"minecraft:diorite":1,"minecraft:cauldron":2,"minecraft:brown_carpet":26,"minecraft:stone_sword":1,"minecraft:rotten_flesh":28,"minecraft:snowball":16,"minecraft:cobblestone":48,"minecraft:birch_log":42,"woodworks:birch_chest":1,"minecraft:cooked_beef":3,"minecraft:lilac":1,"minecraft:andesite":1,"minecraft:lapis_lazuli":47,"minecraft:dirt":16,"minecraft:lantern":9,"culturaldelights:glow_squid":2,"minecraft:bone":21,"minecraft:stonecutter":1,"minecraft:wheat_seeds":14,"minecraft:pink_banner":1,"ftbquests:book":2,"minecraft:grindstone":1,"minecraft:fletching_table":1,"minecraft:moss_block":12,"galosphere:raw_silver":5,"minecraft:bamboo":1,"minecraft:powered_rail":1,"twigs:twig":20,"minecraft:mossy_stone_brick_stairs":1,"byg:rose":2,"twigs:bamboo_thatch":2,"goodending:spicy_wildflowers":2,"minecraft:dead_bush":3,"minecraft:barrel":2,"immersive_weathering:dark_oak_bark":9,"minecraft:dark_oak_log":73,"galosphere:silver_nugget":23,"twigs:bamboo_thatch_slab":7,"byg:pink_anemone":3,"waystones:waystone":1,"minecraft:lever":1,"minecraft:crossbow":1,"hunterillager:boomerang":1,"minecraft:emerald":4,"minecraft:bread":2,"minecraft:oak_sapling":1,"minecraft:dark_oak_fence":31,"minecraft:coarse_dirt":8,"minecraft:crafting_table":9,"minecraft:ladder":5,"minecraft:wooden_pickaxe":1,"minecraft:chain":4,"minecraft:moss_carpet":4,"minecraft:wooden_sword":1,"everycomp:db/ecologics/flowering_azalea_support":2,"minecraft:white_carpet":5,"minecraft:beef":16,"windswept:frozen_flesh":1,"minecraft:spruce_slab":6,"minecraft:sugar_cane":3,"minecraft:chest":3,"minecraft:birch_sapling":3,"minecraft:raw_iron":150,"minecraft:copper_ingot":3,"minecraft:spruce_fence":1,"minecraft:dark_oak_planks":26,"minecraft:arrow":41,"minecraft:hay_block":9,"minecraft:stripped_dark_oak_wood":13,"minecraft:gold_ingot":1,"minecraft:black_banner":1,"minecraft:mutton":4,"minecraft:white_wool":4,"ecologics:flowering_azalea_log":2,"biomemakeover:lime_tapestry":1,"minecraft:birch_planks":21,"minecraft:filled_map":1,"blue_skies:moonstone":2,"minecraft:ice":16,"savage_and_ravage:creeper_spores":2,"minecraft:oak_log":8,"minecraft:gunpowder":4,"minecraft:cobblestone_stairs":1,"minecraft:white_banner":2,"minecraft:red_carpet":2,"minecraft:stone_bricks":4,"blue_skies:lunar_stonebrick":10,"minecraft:stone_pickaxe":1,"minecraft:flowering_azalea":4,"minecraft:dark_oak_stairs":16,"minecraft:dark_oak_slab":12,"minecraft:raw_iron_block":6,"byg:fairy_slipper":7,"minecraft:spruce_sapling":1,"minecraft:blast_furnace":6,"minecraft:spruce_log":1,"minecraft:spruce_door":1,"minecraft:leather_helmet":5,"goodending:twilight_wildflowers":1,"minecraft:stone_axe":1,"naturescompass:naturescompass":1,"minecraft:baked_potato":1,"minecraft:damaged_anvil":1,"savage_and_ravage:griefer_leggings":1,"minecraft:stripped_dark_oak_log":10,"minecraft:coal":70},"minecraft:broken":{"minecraft:iron_axe":1},"minecraft:mined":{"minecraft:dark_oak_planks":7,"minecraft:large_amethyst_bud":1,"minecraft:spruce_planks":7,"minecraft:cobblestone_stairs":1,"blue_skies:moonstone":2,"minecraft:potted_dead_bush":2,"minecraft:grass_block":12,"everycomp:db/ecologics/flowering_azalea_support":2,"minecraft:purple_stained_glass_pane":1,"minecraft:spawner":6,"woodworks:birch_chest":1,"minecraft:raw_iron_block":6,"minecraft:iron_ore":55,"minecraft:barrel":2,"blue_skies:lunar_stonebrick":10,"minecraft:fletching_table":1,"minecraft:stripped_dark_oak_wood":13,"minecraft:dark_oak_stairs":13,"minecraft:brown_bed":4,"minecraft:cave_vines":2,"minecraft:water_cauldron":2,"minecraft:flowering_azalea_leaves":15,"minecraft:dirt_path":4,"minecraft:azalea_leaves":14,"minecraft:azalea":1,"minecraft:spruce_slab":6,"minecraft:torch":1,"minecraft:blast_furnace":5,"minecraft:chest":3,"biomemakeover:lime_wall_tapestry":1,"minecraft:cobblestone":1,"minecraft:sugar_cane":1,"minecraft:damaged_anvil":1,"minecraft:grindstone":1,"minecraft:wall_torch":6,"byg:lush_grass_block":2,"byg:pink_anemone":3,"minecraft:chain":4,"minecraft:dark_oak_slab":12,"minecraft:birch_log":43,"minecraft:wheat":8,"minecraft:blue_ice":7,"minecraft:lilac":1,"minecraft:stone_brick_stairs":2,"minecraft:grass":21,"twigs:bamboo_thatch":2,"minecraft:oak_log":8,"ecologics:flowering_azalea_log":2,"minecraft:dirt":4,"structure_gel:dynamic_spawner":1,"minecraft:stonecutter":1,"minecraft:oak_leaves":2,"immersive_weathering:dark_oak_leaf_pile":1,"minecraft:deepslate":3,"minecraft:dark_oak_log":74,"minecraft:dark_oak_fence":31,"minecraft:spruce_fence":1,"minecraft:polished_andesite_slab":1,"minecraft:moss_block":1,"ecologics:flowering_azalea_planks":2,"minecraft:hay_block":7,"minecraft:furnace":10,"minecraft:andesite":1,"excavated_variants:tuff_iron_ore":2,"minecraft:mossy_stone_brick_stairs":1,"minecraft:deepslate_iron_ore":87,"minecraft:lantern":9,"minecraft:potted_spruce_sapling":1,"minecraft:stone":45,"minecraft:white_wool":3,"byg:fairy_slipper":5,"minecraft:smithing_table":2,"minecraft:flowering_azalea":1,"minecraft:brown_carpet":27,"minecraft:stripped_dark_oak_log":10,"galosphere:deepslate_silver_ore":5,"minecraft:crafting_table":9,"immersive_weathering:soot":1,"twigs:bamboo_thatch_slab":7,"minecraft:tall_grass":2,"minecraft:lapis_ore":6,"minecraft:birch_planks":21,"minecraft:coarse_dirt":8,"byg:lush_dirt":3,"minecraft:black_wall_banner":1,"minecraft:pink_wall_banner":1,"minecraft:coal_ore":51,"byg:rose":2,"minecraft:cobweb":8,"minecraft:cracked_stone_bricks":3,"minecraft:stone_bricks":8,"minecraft:polished_andesite":2,"minecraft:mossy_stone_bricks":1,"excavated_variants:andesite_coal_ore":4,"minecraft:fern":5},"minecraft:killed_by":{"minecraft:creeper":1,"minecraft:vindicator":2,"minecraft:player":1,"minecraft:stray":2},"minecraft:custom":{"minecraft:interact_with_crafting_table":61,"minecraft:open_barrel":71,"minecraft:eat_cake_slice":4,"minecraft:leave_game":7,"minecraft:time_since_death":17313,"minecraft:sprint_one_cm":406095,"minecraft:damage_blocked_by_shield":370,"minecraft:drop":62,"minecraft:play_time":225464,"minecraft:deaths":6,"minecraft:jump":1827,"minecraft:walk_on_water_one_cm":26953,"minecraft:interact_with_furnace":32,"minecraft:sleep_in_bed":2,"minecraft:damage_dealt":12307,"minecraft:player_kills":1,"minecraft:crouch_one_cm":5022,"minecraft:inspect_dispenser":2,"minecraft:interact_with_smithing_table":1,"minecraft:mob_kills":85,"minecraft:interact_with_anvil":3,"minecraft:fill_cauldron":1,"minecraft:interact_with_campfire":10,"minecraft:climb_one_cm":23613,"minecraft:walk_one_cm":692542,"minecraft:target_hit":1,"minecraft:sneak_time":2919,"minecraft:walk_under_water_one_cm":15102,"minecraft:interact_with_blast_furnace":28,"minecraft:total_world_time":225464,"minecraft:pot_flower":1,"minecraft:time_since_rest":17335,"minecraft:damage_taken":4877,"twilightforest:life_charms_activated":1,"minecraft:fly_one_cm":219078,"minecraft:open_chest":334,"minecraft:fall_one_cm":54899},"minecraft:used":{"woodworks:dark_oak_chest":2,"minecraft:iron_shovel":26,"minecraft:spruce_slab":2,"minecraft:chest":3,"minecraft:shield":6,"minecraft:iron_sword":161,"biomemakeover:lime_tapestry":1,"minecraft:stripped_dark_oak_wood":2,"minecraft:lantern":4,"minecraft:dark_oak_slab":5,"byg:rose":1,"minecraft:bow":51,"minecraft:brown_carpet":26,"woodworks:birch_chest":3,"minecraft:furnace":4,"minecraft:dark_oak_stairs":3,"minecraft:spruce_door":1,"minecraft:stone_pickaxe":235,"minecraft:wooden_pickaxe":4,"everycomp:db/ecologics/flowering_azalea_support":5,"minecraft:blast_furnace":4,"minecraft:crossbow":12,"minecraft:shears":1,"minecraft:dark_oak_log":5,"minecraft:bread":29,"minecraft:wooden_sword":40,"minecraft:grindstone":1,"minecraft:smithing_table":1,"minecraft:dark_oak_fence":28,"twigs:bamboo_thatch_slab":34,"minecraft:coarse_dirt":1,"minecraft:experience_bottle":33,"twigs:bamboo_thatch":3,"minecraft:stone_sword":47,"minecraft:torch":16,"minecraft:dirt":12,"minecraft:anvil":1,"byg:pink_anemone":2,"minecraft:spruce_fence":1,"byg:lush_dirt":3,"minecraft:wooden_axe":54,"minecraft:dark_oak_planks":1,"minecraft:flowering_azalea":2,"minecraft:iron_axe":277,"buzzier_bees:honey_bread":6,"minecraft:bamboo":1,"minecraft:golden_carrot":1,"minecraft:cooked_beef":14,"minecraft:brown_bed":3,"minecraft:water_bucket":24,"minecraft:birch_planks":81,"minecraft:baked_potato":6,"minecraft:cauldron":1,"minecraft:stonecutter":2,"byg:fairy_slipper":5,"minecraft:stripped_dark_oak_log":7,"minecraft:crafting_table":13,"minecraft:dark_oak_fence_gate":1,"minecraft:flower_pot":1,"minecraft:diamond_pickaxe":58,"minecraft:iron_pickaxe":64,"minecraft:stone_axe":38,"ecologics:flowering_azalea_planks":2,"minecraft:cobblestone":5,"minecraft:bucket":26,"phantasm:stellium_sword":11},"minecraft:killed":{"minecraft:spider":3,"minecraft:skeleton":8,"hunterillager:hunterillager":2,"savage_and_ravage:griefer":1,"savage_and_ravage:creepie":1,"minecraft:sheep":3,"minecraft:pillager":21,"minecraft:zombie":23,"minecraft:stray":11,"minecraft:cow":2,"savage_and_ravage:skeleton_villager":1,"minecraft:vex":1,"windswept:chilled":1,"minecraft:vindicator":6,"alexsmobs:seagull":1,"biomemakeover:moth":1,"rottencreatures:undead_miner":1,"biomemakeover:helmit_crab":1}},"DataVersion":3120}